{
  "credit": "BH_cardboard_box_001",
  "texture_size": [512, 512],
  "textures": {
		"0": "craftingdeaddecoration:block/BH_cardboard_box_001",
		"particle": "craftingdeaddecoration:block/BH_cardboard_box_001"
  },
  "elements": [
    {
      "from": [-8, 0, -6.5],
      "to": [8, 9, 6.5],
      "faces": {
        "north": {"uv": [337.0578, 103.06936, 480.92485, 198.53179], "texture": "#0"},
        "east": {"uv": [382.93064, 202.21387, 508.30058, 297.6763], "texture": "#0"},
        "south": {"uv": [382.93064, 5.40462, 512, 100.86705], "texture": "#0"},
        "west": {"uv": [382.93064, 202.21387, 508.30058, 297.6763], "texture": "#0"},
        "up": {"uv": [304.71676, 436, 153.98844, 271], "texture": "#0"},
        "down": {"uv": [304.71676, 436, 153.98844, 271], "texture": "#0"}
      }
    }
  ],
  "display": {
    "thirdperson_righthand": {
      "rotation": [75, -135, 0],
      "translation": [0, 2.5, 0],
      "scale": [0.75, 0.75, 0.75]
    },
    "thirdperson_lefthand": {
      "rotation": [75, -135, 0],
      "translation": [0, 2.5, 0],
      "scale": [0.75, 0.75, 0.75]
    },
    "firstperson_righthand": {
      "rotation": [0, -135, 25],
      "translation": [0, 4, 2],
      "scale": [1.25, 1.25, 1.25]
    },
    "firstperson_lefthand": {
      "rotation": [0, -135, 25],
      "translation": [0, 4, 2],
      "scale": [1.25, 1.25, 1.25]
    }
  }
}